fp_pwr,rx_pwr,pwr_diff,rxpacc,dist_cm,fp_resid,label,frame_len
-71.7906204553,-95.1588256147,-23.3682051594,48,75,-74.2893951874,0,58
-81.9903874165,-104.88496761,-22.8945801933,52,72,-84.8437374879,0,46
-76.535243199,-98.1691255714,-21.6338823723,48,73,-79.2687859966,0,0
-76.4903289037,-100.107325832,-23.6169969278,60,73,-79.2238717013,0,0
-70.0557801218,-92.4288128941,-22.3730327723,48,85,-71.4674016075,0,58
-70.0496311905,-92.3618545704,-22.3122233799,55,87,-71.2592461381,0,58
-70.654252153,-92.9075419809,-22.2532898279,49,76,-73.0379803074,0,58
-70.542370865,-92.7284451279,-22.1860742628,48,80,-72.4805711252,0,58
-70.3133015652,-92.580478396,-22.2671768309,52,84,-71.8277158439,0,58
-70.3093379428,-92.8437677833,-22.5344298404,52,85,-71.7209594285,0,58
-70.6889716616,-93.0502919616,-22.3613203,48,78,-72.8470796078,0,58
-70.8273809441,-93.0502919616,-22.2229110174,48,82,-72.5511038965,0,58
-71.4682503577,-92.9075419809,-21.4392916232,49,85,-72.8798718435,0,58
-71.2882996951,-92.6600508825,-21.3717511875,54,75,-73.7870744273,0,58
-70.6330039142,-92.7833882333,-22.1503843191,50,84,-72.1474181929,0,58
-70.8590370345,-93.3979130242,-22.5388759897,48,82,-72.5827599868,0,58
-70.7943194759,-92.8674243728,-22.0731048968,47,83,-72.4127576284,0,58
-70.8623660979,-92.7284451279,-21.8660790299,48,82,-72.5860890502,0,58
-71.32672644,-92.6600508825,-21.3333244425,54,86,-72.6367574152,0,58
-71.1262843842,-92.7833882333,-21.6571038491,50,87,-72.3358993318,0,58
-70.9336472556,-92.7284451279,-21.7947978722,48,78,-73.0917552018,0,58
-70.8374482899,-92.6600508825,-21.8226025927,54,78,-72.9955562361,0,58
-70.7380052416,-92.9075419809,-22.1695367393,49,77,-73.0081907382,0,58
-70.7910611364,-92.7459289154,-21.954867779,53,81,-72.6213607588,0,58
-70.8669030619,-92.7459289154,-21.8790258534,53,76,-73.2506312163,0,58
-70.9402216314,-93.0502919616,-22.1100703301,48,76,-73.3239497858,0,58
-70.9245945734,-92.5106473846,-21.5860528112,60,98,-71.1000730596,0,0
-71.5225233112,-93.1240550193,-21.601531708,52,89,-72.5347231783,0,0
-71.0882420819,-92.580478396,-21.4922363141,52,77,-73.3584275785,0,0
-71.1260213869,-92.9075419809,-21.781520594,49,80,-73.0642216471,0,0
-71.5942607705,-92.9553916685,-21.3611308981,51,70,-74.6922999702,0,0
-70.7186859873,-92.0401181725,-21.3214321852,53,79,-72.7661441615,0,0
-70.2956715952,-92.6600508825,-22.3643792873,54,75,-72.7944463274,0,58
-70.4224955054,-92.7284451279,-22.3059496225,48,80,-72.3606957655,0,58
-70.6316357546,-92.6079097471,-21.9762739925,49,80,-72.5698360148,0,58
-70.2668183064,-92.4118150453,-22.1449967389,51,87,-71.476433254,0,58
-70.0010867995,-92.4693850202,-22.4682982207,61,83,-71.619524952,0,58
-71.4135937333,-93.171576107,-21.7579823737,54,84,-72.9280080121,0,58
-70.2807880835,-93.0502919616,-22.7695038781,48,84,-71.7952023623,0,58
-70.7800251123,-92.5455775391,-21.7655524268,47,80,-72.7182253725,0,58
-72.3105483115,-93.2550239023,-20.9444755908,51,88,-73.4208948685,0,58
-72.1541779603,-92.6600508825,-20.5058729223,54,92,-72.8784214134,0,58
-72.7650196166,-92.7284451279,-19.9634255113,48,81,-74.595319239,0,58
-70.3260767842,-92.580478396,-22.2544016118,52,85,-71.7376982699,0,0
-71.721208986,-92.8437677833,-21.1225587972,52,82,-73.4449319384,0,58
-70.9230230817,-94.0931551493,-23.1701320676,52,93,-71.5533641106,0,46
-72.6550861561,-93.576870736,-20.9217845799,51,75,-75.1538608883,0,0
-72.8769115891,-94.4710407582,-21.5941291691,52,77,-75.1470970857,0,0
-69.7877909453,-92.4252399241,-22.6374489787,54,83,-71.4062290978,0,0
-70.7937926957,-93.171576107,-22.3777834114,54,79,-72.8412508699,0,0
-71.5482016674,-94.1897254846,-22.6415238172,48,79,-73.5956598416,0,0
-74.6105105481,-93.5891377724,-18.9786272242,53,76,-76.9942387025,0,0
-74.8726459978,-93.9244917986,-19.0518458008,51,75,-77.37142073,0,0
-72.495678662,-93.3979130242,-20.9022343622,48,83,-74.1141168145,0,0
-73.8362932142,-93.7514955768,-19.9152023626,54,77,-76.1064787107,0,0
-72.2405653295,-93.5929310443,-21.3523657148,47,74,-74.8559309349,0,0
-70.8552417894,-93.2550239023,-22.3997821129,51,76,-73.2389699438,0,0
-72.0956565192,-93.7455340868,-21.6498775676,52,73,-74.8291993168,0,0
-72.7489501598,-93.7514955768,-21.002545417,54,76,-75.1326783141,0,0
-73.1702568944,-93.9548954861,-20.7846385917,49,73,-75.903799692,0,0
-74.2726998043,-93.7524883634,-19.4797885591,50,73,-77.0062426019,0,0
-71.4004893694,-93.423687253,-22.0231978836,52,79,-73.4479475436,0,0
-76.7861014522,-93.5929310443,-16.8068295921,47,75,-79.2848761843,0,0
-74.7221229092,-94.4710407582,-19.748917849,52,82,-76.4458458615,0,46
-72.0609394263,-93.171576107,-21.1106366808,54,83,-73.6793775788,0,0
-74.4328885078,-94.4209634731,-19.9880749653,54,72,-77.2862385791,0,0
-74.9650684728,-93.451863343,-18.4867948702,54,83,-76.5835066253,0,0
-72.2760669124,-93.2895055386,-21.0134386262,53,77,-74.546252409,0,0
-74.2682852131,-93.7455340868,-19.4772488737,52,71,-77.2431182387,0,0
-72.5622072439,-94.1897254846,-21.6275182407,48,75,-75.0609819761,0,0
-72.8856758748,-93.7455340868,-20.8598582119,52,75,-75.384450607,0,0
-73.5150218844,-94.4209634731,-20.9059415887,54,80,-75.4532221446,0,0
-73.9725608107,-94.3023774075,-20.3298165968,51,87,-75.1821757583,0,0
-74.8970330411,-94.6364912776,-19.7394582365,53,77,-77.1672185376,0,0
-71.3539226723,-93.3979130242,-22.0439903519,48,81,-73.1842222947,0,0
-73.7160169212,-95.1588256147,-21.4428086935,48,74,-76.3313825266,0,0
-75.5630970899,-93.9108741702,-18.3477770803,55,75,-78.0618718221,0,0
-73.6349217785,-95.2127759336,-21.5778541551,54,78,-75.7930297247,0,0
-72.7897480266,-94.4710407582,-21.6812927316,52,76,-75.173476181,0,0
-73.5398772649,-95.0018757295,-21.4619984646,50,75,-76.0386519971,0,0
-73.6160600603,-94.0733424105,-20.4572823502,54,90,-74.5312098715,0,0
-76.4740385384,-93.6112419365,-17.1372033981,55,70,-79.5720777381,0,0
-70.0534140494,-92.3322425588,-22.2788285094,52,88,-71.1637606064,0,0
-70.0300976051,-91.9905829862,-21.9604853811,54,83,-71.6485357576,0,0
-70.8395641561,-92.4976930781,-21.658128922,53,73,-73.5731069537,0,0
-72.2076070333,-93.6112419365,-21.4036349032,55,93,-72.8379480622,1,0
-70.2525925912,-93.0502919616,-22.7976993704,48,89,-71.2647924583,1,0
-73.0268515814,-93.2895055386,-20.2626539572,53,82,-74.7505745337,1,0
-72.7500905452,-92.9082867198,-20.1581961746,54,79,-74.7975487194,1,0
-72.1681927879,-93.7514955768,-21.5833027889,54,83,-73.7866309403,1,0
-72.1698547795,-93.171576107,-21.0017213275,54,71,-75.1446878051,1,0
-72.3287197325,-93.451863343,-21.1231436105,54,80,-74.2669199927,1,0
-72.2482049102,-92.8437677833,-20.5955628731,52,87,-73.4578198578,1,58
-72.6491387456,-95.6703508392,-23.0212120936,54,84,-74.1635530243,1,58
-70.5107292292,-92.7833882333,-22.2726590041,50,73,-73.2442720268,1,58
-71.6667466729,-92.4976930781,-20.8309464052,53,78,-73.8248546191,1,58
-74.0497592553,-94.3688223377,-20.3190630824,49,73,-76.7833020529,1,58
-73.4109408878,-92.6751044325,-19.2641635447,51,84,-74.9253551666,1,58
-74.8231672102,-93.171576107,-18.3484088969,54,81,-76.6534668326,1,58
-72.2864885806,-94.0733424105,-21.7868538299,54,82,-74.010211533,1,58
-74.7032065444,-94.2327210039,-19.5295144596,55,73,-77.436749342,1,58
-74.4397259466,-94.0068578958,-19.5671319493,47,78,-76.5978338927,1,58
-71.2862023778,-93.1240550193,-21.8378526415,52,83,-72.9046405303,1,58
-71.5923949514,-92.8437677833,-21.2513728319,52,93,-72.2227359803,1,58
-73.4842733652,-94.2586056687,-20.7743323035,53,84,-74.998687644,1,58
-74.4596544837,-95.5558774957,-21.096223012,47,73,-77.1931972813,1,58
-71.68360361,-94.1897254846,-22.5061218747,48,80,-73.6218038701,1,58
-75.8085983349,-95.0504181291,-19.2418197942,53,83,-77.4270364874,1,58
-71.6815235736,-94.1303739723,-22.4488503987,50,76,-74.065251728,1,58
-74.6928106775,-95.1738791647,-20.4810684872,51,81,-76.5231102999,1,58
-77.9784339739,-94.6364912776,-16.6580573037,53,72,-80.8317840452,1,58
-70.3463128899,-93.2293888146,-22.8830759247,49,83,-71.9647510424,1,58
-71.4049224711,-93.576870736,-22.1719482649,51,79,-73.4523806453,1,58
-71.8169508342,-94.4710407582,-22.654089924,52,77,-74.0871363308,1,58
-73.3628562152,-95.0504181291,-21.6875619139,53,76,-75.7465843696,1,58
-74.2437712338,-94.9759580259,-20.7321867921,47,78,-76.40187918,1,58
-71.87820023,-94.1897254846,-22.3115252546,48,89,-72.8904000971,1,58
-73.2921104563,-94.6364912776,-21.3443808212,53,76,-75.6758386107,1,58
-72.6141402015,-94.0931551493,-21.4790149479,52,76,-74.9978683559,1,58
-73.1544582572,-94.3023774075,-21.1479191503,51,78,-75.3125662034,1,58
-72.2096347706,-94.4644328014,-22.2547980308,47,78,-74.3677427168,1,58
-71.864707672,-94.6473003902,-22.7825927182,48,71,-74.8395406976,1,58
-72.7530112213,-94.2586056687,-21.5055944474,53,84,-74.2674255,1,58
-73.8202624548,-94.2586056687,-20.4383432139,53,80,-75.758462715,1,58
-73.204396112,-94.7163042591,-21.5119081471,51,78,-75.3625040582,1,58
-71.8017134623,-93.7455340868,-21.9438206245,52,78,-73.9598214085,1,58
-84.0940098155,-97.8952675665,-13.8012577509,52,201,-78.0300886671,1,46
-90.1296361708,-98.1691255714,-8.03948940059,48,161,-85.9931186501,1,0
-86.8613630973,-98.6957043458,-11.8343412485,51,233,-79.5142446768,1,0
-84.9796600832,-97.8952675665,-12.9156074832,52,233,-77.6325416627,1,46
-80.4202639797,-99.0488448236,-18.6285808438,46,233,-73.0731455592,1,46
-86.0823659805,-98.8643676965,-12.7820017161,52,235,-78.661008735,1,46
-86.5367620635,-99.5976097905,-13.060847727,49,220,-79.6883084471,1,0
-88.2514623461,-98.8643676965,-10.6129053504,52,224,-81.2465019794,1,0
-85.7460909062,-98.8643676965,-13.1182767904,52,224,-78.7411305395,1,0
-85.8846685651,-98.5237009106,-12.6390323454,50,226,-78.8024997822,1,46
-88.993201343,-97.8952675665,-8.90206622343,52,226,-81.9110325601,1,46
-92.484939215,-99.0488448236,-6.56390560856,46,193,-86.7737930348,1,0
-86.5527298731,-99.0298182159,-12.4770883427,53,205,-80.317652652,1,0
-93.2857145478,-97.8952675665,-4.60955301864,52,223,-86.3196172869,1,46
-82.6773872575,-98.1691255714,-15.4917383139,48,161,-78.5408697368,1,0
-83.5845319616,-99.0488448236,-15.4643128619,46,207,-77.2651250525,1,0
-94.3542934277,-97.8952675665,-3.54097413876,52,156,-90.4918014606,1,46
-84.0434559647,-99.4185129374,-15.3750569728,48,205,-77.8083787435,1,0
-84.9412423402,-98.8643676965,-13.9231253563,52,161,-80.8047248196,1,0
-90.4972590177,-98.8643676965,-8.36710867885,52,175,-85.636498044,1,46
-92.9733637295,-99.2356453486,-6.26228161912,47,221,-86.0855182558,1,0
-84.6007473963,-98.6957043458,-14.0949569495,51,207,-78.2813404872,1,0
-94.1555396389,-97.103455106,-2.94791546709,52,245,-86.3722179516,1,46
-90.8637245534,-98.1691255714,-7.30540101796,48,203,-84.7138037951,1,58
-83.2470388439,-97.7266042157,-14.4795653718,51,165,-78.8973599596,1,58
-91.9598080043,-97.103455106,-5.14364710165,52,205,-85.7247307832,1,0
-87.8467846131,-97.7994574575,-9.95267284436,46,163,-83.603032525,1,58
-90.650443798,-97.103455106,-6.453011308,52,163,-86.4066917099,1,46
-83.9785654657,-98.3482224244,-14.3696569587,49,219,-77.1696831689,1,0
-83.9807113759,-97.8952675665,-13.9145561905,52,226,-76.898542593,1,46
-85.6072573142,-98.3824544836,-12.7751971695,55,216,-78.9181822911,1,0
-79.2248700629,-99.2356453486,-20.0107752858,47,189,-73.6956339794,1,0
-85.6563844671,-100.113755063,-14.4573705955,52,189,-80.1271483836,1,46
-80.8634340237,-100.113755063,-19.2503210389,52,243,-73.1513085517,1,46
-87.9402318787,-100.996557939,-13.0563260605,47,225,-80.8965815165,1,0
-93.4831947459,-98.8643676965,-5.38117295069,52,226,-86.4010259629,1,46
-91.864233036,-98.8643676965,-7.00013466054,52,214,-85.255957569,1,46
-93.2965262543,-100.809757414,-7.51323115977,46,233,-85.9494078338,1,0
-89.4579698292,-99.4185129374,-9.96054310819,48,233,-82.1108514087,1,46
-79.3630553779,-97.8952675665,-18.5322121885,52,199,-73.3859938497,1,0
-81.3126602258,-104.006857896,-22.69419767,47,241,-73.6723193743,1,0
-83.7056837914,-100.809757414,-17.1040736227,46,241,-76.0653429399,1,0
-79.7269546465,-98.8643676965,-19.13741305,52,235,-72.3055974011,1,0
-79.4043206995,-100.809757414,-21.4054367146,46,233,-72.057202279,1,58
-84.9708995872,-101.358522381,-16.3876227939,49,217,-78.2417049102,1,58
-79.1300115174,-98.8643676965,-19.7343561791,52,241,-71.4896706659,1,0
-82.7864828426,-98.8643676965,-16.077884854,52,264,-74.3544043052,1,0
-84.4235646932,-98.8643676965,-14.4408030033,52,264,-75.9914861558,1,46
-78.2618589922,-100.809757414,-22.5478984219,46,259,-69.9958637105,1,0
-78.142004656,-99.2356453486,-21.0936406926,47,233,-70.7948862355,1,0
-85.5962188599,-98.8643676965,-13.2681488366,52,258,-77.3638247407,1,46
-92.777801022,-98.3482224244,-5.57042140241,49,241,-85.1374601705,1,46
-79.2983318002,-97.8952675665,-18.5969357663,52,247,-71.444392735,1,46
-79.7780509372,-99.2356453486,-19.4575944115,47,247,-71.924111872,1,46
-77.2029800669,-97.103455106,-19.9004750391,52,259,-68.9369847853,1,0
-86.0291507435,-97.8952675665,-11.8661168229,52,254,-77.9324764112,1,0
-81.2609490883,-97.5546007805,-16.2936516922,50,248,-73.3719154718,1,46
-83.8114915157,-97.8952675665,-14.0837760508,52,271,-75.1521056982,1,0
