fp_pwr,rx_pwr,pwr_diff,rxpacc,label,frame_len
-70.8778688981,-94.3688223377,-23.4909534396,49,0,0
-72.5032690768,-94.7163042591,-22.2130351823,51,0,0
-69.6754075445,-93.0502919616,-23.374884417,48,0,0
-78.3426822207,-101.358522381,-23.0158401604,49,0,0
-70.393167536,-94.1897254846,-23.7965579486,48,0,0
-77.4218583544,-101.358522381,-23.9366640267,49,0,0
-73.536522379,-97.3791222943,-23.8425999153,49,0,0
-72.0905710184,-95.6703508392,-23.5797798208,54,0,0
-70.8753162458,-94.4644328014,-23.5891165556,47,0,0
-69.8594907275,-93.7455340868,-23.8860433592,52,0,0
-71.1442553725,-93.9109846061,-22.7667292335,53,0,0
-76.6785972968,-98.8643676965,-22.1857703997,52,0,0
-71.4140445399,-95.3425425154,-23.9284979755,52,0,0
-87.3332107286,-95.8540677399,-8.52085701127,52,0,0
-80.8180725616,-96.4339872097,-15.615914648,52,0,0
-79.9508580223,-95.8540677399,-15.9032097176,52,0,0
-71.5536502946,-94.4710407582,-22.9173904637,52,0,0
-72.2451251804,-95.7387450845,-23.4936199041,48,0,0
-71.229339362,-93.9109846061,-22.6816452441,53,0,0
-69.5635062652,-93.0092183026,-23.4457120374,53,0,0
-82.6612635897,-96.225345392,-13.5640818023,47,0,0
-73.4470473643,-95.0504181291,-21.6033707648,53,0,0
-71.0634971366,-93.4048673008,-22.3413701642,50,0,0
-80.1948270937,-100.996557939,-20.8017308455,47,0,0
-74.668749468,-96.4339872097,-21.7652377417,52,0,0
-75.4132823724,-94.0931551493,-18.6798727769,52,0,0
-77.150006911,-93.9548954861,-16.8048885751,49,0,0
-71.7447333657,-93.0830204671,-21.3382871014,50,0,0
-79.8789423302,-100.996557939,-21.117615609,47,0,0
-71.2513612344,-94.4644328014,-23.2130715671,47,0,0
-77.2583779758,-99.2356453486,-21.9772673728,47,0,0
-72.1514491857,-95.3425425154,-23.1910933297,52,0,0
-73.0150412824,-93.423687253,-20.4086459706,52,0,0
-84.6778327482,-100.113755063,-15.4359223144,52,0,0
-77.8411196347,-101.534000867,-23.6928812325,50,0,0
-74.9298542577,-97.5546007805,-22.6247465228,50,0,0
-72.9916721187,-95.5558774957,-22.564205377,47,0,0
-83.7945121885,-92.6079097471,-8.81339755867,49,0,0
-72.1078094011,-95.0018757295,-22.8940663284,50,0,0
-75.1934610736,-93.9548954861,-18.7614344125,49,0,0
-73.1981266756,-94.3688223377,-21.1706956621,49,0,0
-71.8009534229,-93.2150454354,-21.4140920125,47,0,0
-71.1191720134,-94.1897254846,-23.0705534713,48,0,0
-78.4017755237,-95.5134009539,-17.1116254302,50,0,0
-77.0137554323,-95.7387450845,-18.7249896522,48,0,0
-69.7050316142,-93.5929310443,-23.88789943,47,0,0
-76.8486404747,-99.5976097905,-22.7489693158,49,0,0
-72.5784721582,-94.8263972433,-22.2479250851,49,0,0
-74.5459320252,-97.2000254413,-22.654093416,48,0,0
-71.8681849546,-95.3690769706,-23.500892016,46,0,0
-74.6800001694,-98.1691255714,-23.489125402,48,0,0
-72.0517141208,-94.0068578958,-21.955143775,47,0,0
-71.914092481,-95.5558774957,-23.6417850147,47,0,0
-77.137682734,-100.113755063,-22.9760723286,52,0,0
-69.5431977765,-93.0282449103,-23.4850471338,46,0,0
-75.3018343479,-97.2000254413,-21.8981910934,48,0,0
-74.8175603588,-98.1691255714,-23.3515652125,48,0,0
-69.6758027422,-93.3979130242,-23.722110282,48,0,0
-69.5495374829,-93.5770098772,-24.0274723943,49,0,0
-71.0489094486,-94.9759580259,-23.9270485774,47,0,0
-70.7276037037,-94.2586056687,-23.5310019649,53,0,0
-71.3699205082,-95.0504181291,-23.6804976209,53,0,0
-73.6433289983,-97.2000254413,-23.5566964429,48,0,0
-70.5412384154,-94.2776322764,-23.736393861,46,0,0
-70.1990781471,-93.8200573708,-23.6209792237,46,0,0
-71.5402535175,-94.9759580259,-23.4357045085,47,0,0
-69.6315346198,-92.5455775391,-22.9140429193,47,0,0
-71.9936346309,-94.2586056687,-22.2649710378,53,0,0
-74.2520846535,-96.225345392,-21.9732607385,47,0,0
-84.7844772998,-103.433954267,-18.649476967,44,0,0
-83.8905345289,-103.433954267,-19.543419738,44,0,0
-72.0737224306,-94.4710407582,-22.3973183277,52,0,0
-73.5879554158,-97.0171578525,-23.4292024367,47,0,0
-69.130258841,-91.4607408016,-22.3304819606,52,0,0
-69.3961259846,-92.0974316003,-22.7013056157,52,0,0
-71.5302418804,-94.5443008238,-23.0140589435,50,0,0
-73.5558605802,-97.2000254413,-23.6441648611,48,0,0
-77.0601375657,-99.5976097905,-22.5374722248,49,0,0
-70.9403011711,-94.9759580259,-24.0356568548,47,0,0
-71.420016639,-95.1588256147,-23.7388089757,48,0,0
-70.3908385777,-94.3688223377,-23.97798376,49,0,0
-74.2517714876,-97.3791222943,-23.1273508067,49,0,0
-74.2439883168,-93.9548954861,-19.7109071693,49,0,0
-74.5080943362,-95.3425425154,-20.8344481792,52,0,0
-72.4463878447,-94.1897254846,-21.74333764,48,0,0
-70.2230791093,-93.2150454354,-22.9919663261,47,0,0
-71.1102664112,-94.8263972433,-23.7161308321,49,0,0
-74.5566395478,-97.9862579826,-23.4296184347,47,0,0
-75.3303117581,-99.4185129374,-24.0882011794,48,0,0
-71.5055860905,-94.8849676098,-23.3793815193,52,0,0
-74.7412722134,-94.6473003902,-19.9060281769,48,0,0
-73.6860441435,-93.7757986331,-20.0897544895,48,0,0
-70.8811074802,-92.7833882333,-21.9022807531,50,0,0
-72.8443171811,-94.0068578958,-21.1625407147,47,0,0
-73.4445407774,-93.2150454354,-19.7705046579,47,0,0
-75.3703619567,-95.3690769706,-19.9987150139,46,0,0
-83.9282710973,-95.7387450845,-11.8104739872,48,0,0
-81.228102383,-99.2356453486,-18.0075429656,47,0,0
-78.1486480585,-97.9862579826,-19.837609924,47,0,0
-84.8900192021,-103.820057371,-18.9300381686,46,0,0
-72.629228899,-94.8849676098,-22.2557387108,52,0,0
-78.5312988107,-97.8952675665,-19.3639687558,52,0,0
-76.305318191,-94.4710407582,-18.1657225672,52,0,0
-83.7971088053,-95.3379224678,-11.5408136625,49,0,0
-78.1076831786,-93.2293888146,-15.121705636,49,0,0
-72.1920637944,-92.9075419809,-20.7154781865,49,0,0
-73.2400587293,-94.4644328014,-21.2243740722,47,0,0
-71.4289180047,-94.3688223377,-22.9399043329,49,0,0
-74.5486594871,-97.8952675665,-23.3466080794,52,0,0
-92.3386162064,-97.3791222943,-5.04050608793,49,0,0
-75.5449895317,-98.3482224244,-22.8032328927,49,0,0
-80.3243049314,-97.9862579826,-17.6619530511,47,0,0
-80.8492856269,-100.996557939,-20.1472723123,47,0,0
-82.6735603777,-101.179425528,-18.5058651503,48,0,0
-83.1393184272,-100.996557939,-17.857239512,47,0,0
-80.5180700203,-104.368822338,-23.8507523174,49,0,0
-80.1785250612,-104.006857896,-23.8283328347,47,0,0
-75.0235722192,-97.9862579826,-22.9626857633,47,0,0
-80.2303219416,-98.8643676965,-18.634045755,52,0,0
-81.3961234356,-97.0171578525,-15.6210344169,47,0,0
-81.5621968173,-99.4185129374,-17.8563161202,48,0,0
-73.6166687308,-95.7387450845,-22.1220763537,48,0,0
-80.0923253741,-96.76278832,-16.6704629459,50,0,0
-74.3242147739,-94.4644328014,-20.1402180275,47,0,0
-92.0966765586,-101.874667653,-9.77799109457,52,0,0
-75.4483668192,-97.103455106,-21.6550882868,52,0,0
-75.8042258165,-92.580478396,-16.7762525795,52,0,0
-72.0653376007,-93.1240550193,-21.0587174186,52,0,0
-74.3612233227,-94.8849676098,-20.5237442871,52,0,0
-73.8178342662,-97.3791222943,-23.5612880282,49,0,0
-70.4144647727,-93.0502919616,-22.6358271888,48,0,0
-69.7527055813,-93.0502919616,-23.2975863802,48,0,0
-69.4660106748,-93.3979130242,-23.9319023494,48,0,0
-77.5813571354,-95.8540677399,-18.2727106045,52,0,0
-72.1152197855,-95.3425425154,-23.2273227299,52,0,0
-84.3885018943,-96.4339872097,-12.0454853153,52,0,0
-86.7556699056,-101.874667653,-15.1189977476,52,0,0
-80.0575533036,-101.874667653,-21.8171143496,52,0,0
-80.2132601607,-98.3482224244,-18.1349622638,49,0,0
-76.2303541709,-99.4185129374,-23.1881587665,48,0,0
-80.1325734682,-99.5976097905,-19.4650363223,49,0,0
-80.2149513242,-101.874667653,-21.659716329,52,0,0
-82.2332133374,-97.3791222943,-15.145908957,49,0,0
-80.3518486959,-94.2776322764,-13.9257835805,46,0,0
-77.6712436941,-94.8263972433,-17.1551535492,49,0,0
-74.5241607752,-97.0171578525,-22.4929970772,47,0,0
-75.1949317854,-95.5558774957,-20.3609457103,47,0,0
-72.2511119478,-93.4048673008,-21.153755353,50,0,0
-75.0375986326,-99.5976097905,-24.5600111579,49,0,0
-72.5834528046,-95.3425425154,-22.7590897108,52,0,0
-76.5005849128,-95.3425425154,-18.8419576026,52,0,0
-71.0702459946,-94.8849676098,-23.8147216153,52,0,0
-91.9828207372,-100.113755063,-8.13093432544,52,0,0
-76.9222687677,-99.4185129374,-22.4962441697,48,0,0
-77.7316059679,-101.179425528,-23.4478195601,48,0,0
-77.2715622767,-98.8643676965,-21.5928054199,52,0,0
-76.4869229579,-98.8643676965,-22.3774447386,52,0,0
-75.7795292324,-100.113755063,-24.3342258302,52,0,0
-81.9308435323,-94.0931551493,-12.162311617,52,0,0
-81.0992079084,-95.0018757295,-13.902667821,50,0,0
-86.731002136,-97.8952675665,-11.1642654305,52,0,0
-81.7948070569,-101.874667653,-20.0798605963,52,0,0
-75.0922292291,-95.3425425154,-20.2503132864,52,0,0
-72.3084982387,-93.7455340868,-21.4370358481,52,0,0
-78.0711055187,-95.3425425154,-17.2714369967,52,0,0
-73.357847969,-93.423687253,-20.065839284,52,0,0
-74.5553279952,-93.1240550193,-18.568727024,52,0,0
-72.0737213858,-93.7757986331,-21.7020772472,48,0,0
-73.2349388805,-93.5929310443,-20.3579921638,47,0,0
-69.8655415025,-91.8160972867,-21.9505557842,49,0,0
-70.2230115838,-92.6079097471,-22.3848981633,49,0,0
-71.1641796464,-93.9548954861,-22.7907158398,49,0,0
-70.3913143635,-94.1897254846,-23.7984111211,48,0,0
-70.0361339858,-93.0502919616,-23.0141579758,48,0,0
-71.8936525535,-93.3979130242,-21.5042604707,48,0,0
-73.6475017578,-95.3379224678,-21.69042071,49,0,0
-71.1570131538,-93.0830204671,-21.9260073132,50,0,0
-70.322858399,-93.3979130242,-23.0750546251,48,0,0
-72.3423713412,-93.9548954861,-21.6125241449,49,0,0
-72.8563379693,-95.5558774957,-22.6995395264,47,0,0
-80.3801164762,-97.2000254413,-16.8199089651,48,0,0
-82.1074199509,-96.0933204237,-13.9859004728,50,0,0
-84.598030577,-94.3688223377,-9.77079176069,49,0,0
-77.9613339863,-94.6473003902,-16.685966404,48,0,0
-81.0661477494,-98.1691255714,-17.102977822,48,0,0
-82.8841552855,-100.809757414,-17.9256021286,46,0,0
-76.831355837,-100.809757414,-23.9784015771,46,0,0
-79.9341201229,-94.8849676098,-14.9508474869,52,0,0
-70.7689512115,-94.0931551493,-23.3242039378,52,0,0
-90.3501226578,-104.189725485,-13.8396028268,48,0,0
-78.9197092933,-104.006857896,-25.0871486026,47,0,0
-85.8054570008,-104.006857896,-18.2014008951,47,0,0
-80.9870672675,-97.2000254413,-16.2129581738,48,0,0
-78.6410070575,-93.5929310443,-14.9519239868,47,0,0
-90.0857610523,-101.179425528,-11.0936644757,48,0,0
-80.4993339141,-97.9862579826,-17.4869240684,47,0,0
-74.6371912169,-94.9759580259,-20.3387668091,47,0,0
-69.156343724,-91.8852362709,-22.7288925469,48,0,0
-70.0865670399,-93.2293888146,-23.1428217748,49,0,0
-69.9630444495,-93.7757986331,-23.8127541836,48,0,0
-69.328164417,-93.2150454354,-23.8868810183,47,0,0
-69.711464794,-92.8674243728,-23.1559595787,47,0,0
-69.6210712689,-92.6079097471,-22.9868384783,49,0,0
-71.3116339928,-94.7891575008,-23.477523508,46,0,0
-70.7449884011,-94.4644328014,-23.7194444003,47,0,0
-70.668380583,-93.4061305192,-22.7377499362,46,0,0
-74.5863837606,-96.76278832,-22.1764045594,50,0,0
-70.0642778445,-93.2293888146,-23.1651109701,49,0,0
-71.5511478398,-93.3979130242,-21.8467651844,48,0,0
-81.1487530714,-95.1588256147,-14.0100725434,48,0,0
-76.9714509199,-95.5558774957,-18.5844265758,47,0,0
-75.6873275642,-98.3482224244,-22.6608948602,49,0,0
-70.6563474005,-93.1240550193,-22.4677076187,52,0,0
-69.6991174589,-92.4288128941,-22.7296954352,48,0,0
-70.3640651536,-94.0068578958,-23.6427927422,47,0,0
-71.0235141385,-94.798849082,-23.7753349435,54,0,0
-74.4300472403,-97.3791222943,-22.949075054,49,0,0
-69.6560518447,-93.3979130242,-23.7418611794,48,0,0
-76.250190127,-99.7730882766,-23.5228981496,50,0,0
-72.5809072775,-95.2127759336,-22.6318686561,54,0,0
-72.3774314216,-95.9178419376,-23.540410516,49,0,0
-72.4185883325,-95.1588256147,-22.7402372822,48,0,0
-76.172872067,-96.4082129808,-20.2353409138,48,0,0
-77.7845354351,-101.179425528,-23.3948900928,48,0,0
-82.6306296834,-104.88496761,-22.2543379264,52,0,0
-69.968401963,-92.8437677833,-22.8753658203,52,0,0
-74.1240438004,-95.8540677399,-21.7300239395,52,0,0
-70.7722987161,-94.4710407582,-23.6987420421,52,0,0
-70.2914998104,-93.7455340868,-23.4540342763,52,0,0
-71.0704237415,-94.6473003902,-23.5768766488,48,0,0
-69.4855860397,-92.3276225111,-22.8420364715,49,0,0
-72.3299695322,-96.5873098339,-24.2573403016,49,0,0
-72.1300704553,-96.0933204237,-23.9632499684,50,0,0
-70.2797276584,-94.1303739723,-23.8506463138,50,0,0
-70.0694918402,-94.1303739723,-24.0608821321,50,0,0
-69.4635261352,-93.2150454354,-23.7515193002,47,0,0
-70.3244317194,-93.7524883634,-23.428056644,50,0,0
-70.2341133272,-93.4048673008,-23.1707539735,50,0,0
-70.766665106,-94.1897254846,-23.4230603786,48,0,0
-76.0124555234,-94.1303739723,-18.1179184488,50,0,0
-73.9396988674,-95.5134009539,-21.5737020865,50,0,0
-72.883183546,-95.7387450845,-22.8555615385,48,0,0
-71.0211767555,-94.4710407582,-23.4498640027,52,0,0
-69.796203405,-92.8437677833,-23.0475643782,52,0,0
-71.3501822401,-94.8849676098,-23.5347853697,52,0,0
-73.7204173907,-97.8952675665,-24.1748501757,52,0,0
-74.3371422996,-97.8952675665,-23.5581252669,52,0,0
-74.5625628631,-97.8952675665,-23.3327047033,52,0,0
-75.4851706751,-98.8643676965,-23.3791970214,52,0,0
-70.1333494641,-93.7455340868,-23.6121846227,52,0,0
-70.9465412989,-94.8849676098,-23.9384263109,52,0,0
-70.9722899784,-94.1303739723,-23.1580839939,50,0,0
-74.4622632262,-98.5237009106,-24.0614376844,50,0,0
-78.3261746833,-104.368822338,-26.0426476543,49,0,0
-70.8262674669,-92.0974316003,-21.2711641334,52,0,0
-77.388649894,-101.874667653,-24.4860177591,52,0,0
-69.8213641837,-93.7455340868,-23.924169903,52,0,0
-70.6408844035,-94.4710407582,-23.8301563548,52,0,0
-72.8383449329,-96.4339872097,-23.5956422768,52,0,0
-70.4415370144,-94.4710407582,-24.0295037438,52,0,0
-74.8497836245,-95.7387450845,-20.88896146,48,0,0
-76.1080708441,-99.4185129374,-23.3104420933,48,0,0
-69.5003959813,-92.4288128941,-22.9284169128,48,0,0
-69.4541869217,-91.7023686821,-22.2481817603,47,0,0
-74.0054831833,-97.9862579826,-23.9807747992,47,0,0
-71.4655113036,-95.3425425154,-23.8770312119,52,0,0
-83.2930864088,-101.358522381,-18.0654359723,49,0,0
-90.0682231898,-103.433954267,-13.365731077,44,1,0
-85.0317656868,-101.874667653,-16.8429019664,52,1,0
-89.9882780289,-103.433954267,-13.445676238,44,1,0
-79.2923451859,-96.4339872097,-17.1416420237,52,1,0
-76.9870106508,-97.3791222943,-20.3921116435,49,1,0
-70.4176920008,-92.5455775391,-22.1278855383,47,1,0
-85.715166043,-98.5237009106,-12.8085348676,50,1,0
-90.9708278631,-100.996557939,-10.0257300761,47,1,0
-90.6623096477,-97.5546007805,-6.8922911328,50,1,0
-85.7818693494,-97.9862579826,-12.2043886331,47,1,0
-92.2292632905,-96.4082129808,-4.17894969035,48,1,0
-83.3965031084,-97.7994574575,-14.4029543491,46,1,0
-85.3998428338,-97.0171578525,-11.6173150187,47,1,0
-91.4533192963,-100.996557939,-9.54323864294,47,1,0
-90.0188065191,-100.996557939,-10.9777514201,47,1,0
-90.0294350401,-101.358522381,-11.329087341,49,1,0
-90.1324189295,-97.0171578525,-6.88473892303,47,1,0
-84.764777081,-97.9862579826,-13.2214809016,47,1,0
-90.0277811271,-101.358522381,-11.3307412539,49,1,0
-90.7834644,-104.006857896,-13.2233934959,47,1,0
-89.2101770147,-104.716304259,-15.5061272444,51,1,0
-89.5246702033,-104.189725485,-14.6650552813,48,1,0
-90.4430328489,-103.433954267,-12.9909214179,44,1,0
-90.4427200074,-103.433954267,-12.9912342595,44,1,0
-91.7250512176,-103.820057371,-12.0950061531,46,1,0
-89.453349221,-104.368822338,-14.9154731167,49,1,0
-90.5302192869,-104.88496761,-14.3547483229,52,1,0
-86.5930316782,-104.006857896,-17.4138262176,47,1,0
-76.769023555,-97.3791222943,-20.6100987393,49,1,0
-88.1816733176,-104.189725485,-16.0080521671,48,1,0
-91.9926251442,-96.76278832,-4.77016317585,50,1,0
-88.6109145081,-101.358522381,-12.7476078729,49,1,0
-89.1184451913,-101.874667653,-12.7562224619,52,1,0
-90.175295937,-101.874667653,-11.6993717162,52,1,0
-87.6708289172,-97.103455106,-9.4326261888,52,1,0
-75.9453086412,-98.5237009106,-22.5783922694,50,1,0
-80.7454388295,-99.7730882766,-19.0276494471,50,1,0
-85.3019639618,-97.9862579826,-12.6842940208,47,1,0
-76.3637626327,-97.0171578525,-20.6533952198,47,1,0
-82.5356029687,-98.5237009106,-15.9880979418,50,1,0
-78.3817152817,-97.9862579826,-19.6045427008,47,1,0
-90.9126288929,-100.996557939,-10.0839290463,47,1,0
-88.5188044001,-101.179425528,-12.6606211279,48,1,0
-85.888980504,-104.189725485,-18.3007449806,48,1,0
-90.5099399885,-99.7730882766,-9.26314828814,50,1,0
-82.1388904142,-98.1691255714,-16.0302351572,48,1,0
-83.7067734184,-101.179425528,-17.4726521096,48,1,0
-87.7879302375,-99.7730882766,-11.9851580392,50,1,0
-81.3991441297,-101.179425528,-19.7802813983,48,1,0
-86.0007756273,-99.7730882766,-13.7723126493,50,1,0
-81.3492935951,-101.358522381,-20.009228786,49,1,0
-84.3162061988,-104.544300824,-20.2280946251,50,1,0
-80.4396801849,-101.358522381,-20.9188421961,49,1,0
-77.9170281786,-99.5976097905,-21.6805816119,49,1,0
-78.1067759617,-99.5976097905,-21.4908338288,49,1,0
-84.4981591144,-99.5976097905,-15.0994506761,49,1,0
-79.928742652,-99.7730882766,-19.8443456247,50,1,0
-79.3250551877,-101.874667653,-22.5496124655,52,1,0
-77.618313361,-95.3425425154,-17.7242291544,52,1,0
-73.4464904791,-94.0931551493,-20.6466646702,52,1,0
-70.213481938,-93.7455340868,-23.5320521488,52,1,0
-86.3089491324,-100.996557939,-14.6876088068,47,1,0
-87.2323904614,-104.189725485,-16.9573350233,48,1,0
-83.777595575,-101.358522381,-17.5809268061,49,1,0
-89.1248731252,-97.7994574575,-8.67458433225,46,1,0
-90.1049690243,-97.7266042157,-7.62163519138,51,1,0
-78.0242311037,-99.7730882766,-21.7488571729,50,1,0
-78.1888904018,-100.42365431,-22.2347639084,44,1,0
-84.6642936555,-99.9450917119,-15.2807980564,51,1,0
-78.557071358,-100.996557939,-22.4394865812,47,1,0
-82.2010346302,-97.7994574575,-15.5984228273,46,1,0
-81.5378580633,-101.874667653,-20.3368095899,52,1,0
-81.3777947444,-103.433954267,-22.0561595225,44,1,0
-84.828558705,-95.8540677399,-11.0255090349,52,1,0
-86.211725509,-100.113755063,-13.9020295536,52,1,0
-85.2567447031,-99.4185129374,-14.1617682344,48,1,0
-90.7182657799,-100.618851056,-9.90058527606,45,1,0
-86.2519315484,-100.809757414,-14.5578258657,46,1,0
-83.4217659682,-99.0488448236,-15.6270788553,46,1,0
-88.0890034934,-103.234269849,-15.1452663553,43,1,0
-78.8275555149,-99.2356453486,-20.4080898338,47,1,0
-86.6643206915,-98.6957043458,-12.0313836543,51,1,0
-85.8792137544,-100.113755063,-14.2345413083,52,1,0
-89.8508539778,-100.618851056,-10.7679970782,45,1,0
-80.3728785504,-100.618851056,-20.2459725056,45,1,0
-80.5760305156,-98.8579384654,-18.2819079498,45,1,0
-88.9815878044,-98.1691255714,-9.18753776693,48,1,0
-87.1692733659,-96.5873098339,-9.41803646794,49,1,0
-79.1691553618,-97.103455106,-17.9342997442,52,1,0
-72.9896037913,-92.8674243728,-19.8778205815,47,1,0
-72.3981775359,-95.8540677399,-23.455890204,52,1,0
-82.0865922991,-97.9862579826,-15.8996656835,47,1,0
-86.3132263172,-104.544300824,-18.2310745067,50,1,0
-80.8089424941,-98.6957043458,-17.8867618517,51,1,0
-80.2477712964,-95.0018757295,-14.7541044331,50,1,0
-86.2767228827,-98.3482224244,-12.0714995417,49,1,0
-79.0185884181,-100.809757414,-21.791168996,46,1,0
-89.839264254,-103.433954267,-13.5946900129,44,1,0
-83.1097791087,-104.006857896,-20.8970787872,47,1,0
-86.4145752964,-104.88496761,-18.4703923134,52,1,0
-73.186696684,-96.76278832,-23.576091636,50,1,0
-74.7120454454,-97.2000254413,-22.4879799958,48,1,0
-75.1022980027,-93.7524883634,-18.6501903606,50,1,0
-73.7710843079,-93.5891377724,-19.8180534644,53,1,0
-85.3260164443,-103.433954267,-18.1079378226,44,1,0
-78.5753117494,-100.113755063,-21.5384433133,52,1,0
-87.370368801,-104.189725485,-16.8193566836,48,1,0
-94.1284476834,-101.179425528,-7.05097784463,48,1,0
-86.74251879,-100.113755063,-13.3712362726,52,1,0
-81.2996178888,-101.874667653,-20.5750497644,52,1,0
-82.6765098677,-103.433954267,-20.7574443991,44,1,0
-92.7757162817,-101.874667653,-9.09895137148,52,1,0
-83.5457040511,-101.179425528,-17.6337214769,48,1,0
-85.1367664733,-98.5237009106,-13.3869344373,50,1,0
-85.7639632322,-100.996557939,-15.232594707,47,1,0
-80.1798045839,-101.179425528,-20.999620944,48,1,0
-89.516163207,-99.7730882766,-10.2569250697,50,1,0
-82.6952106062,-98.3482224244,-15.6530118182,49,1,0
-90.0861141367,-104.368822338,-14.282708201,49,1,0
-84.0889237856,-101.874667653,-17.7857438676,52,1,0
-82.4311974469,-103.433954267,-21.00275682,44,1,0
-80.8461899332,-98.1691255714,-17.3229356382,48,1,0
-75.7972820929,-97.2000254413,-21.4027433484,48,1,0
-87.093918341,-101.179425528,-14.085507187,48,1,0
-86.0097922105,-101.358522381,-15.3487301705,49,1,0
-83.7701227095,-99.7730882766,-16.0029655671,50,1,0
-82.7537294355,-99.5976097905,-16.843880355,49,1,0
-81.3069966057,-100.996557939,-19.6895613335,47,1,0
-80.8549553891,-104.189725485,-23.3347700955,48,1,0
-81.0263287553,-104.189725485,-23.1633967293,48,1,0
-82.2726935619,-99.2356453486,-16.9629517867,47,1,0
-84.1928116914,-101.179425528,-16.9866138366,48,1,0
-74.4183497801,-96.225345392,-21.806995612,47,1,0
-80.7050254738,-103.433954267,-22.728928793,44,1,0
-81.0432085626,-99.5976097905,-18.5544012279,49,1,0
-84.6618606692,-99.2356453486,-14.5737846794,47,1,0
-84.1275000341,-100.618851056,-16.4913510219,45,1,0
-83.2595307345,-100.996557939,-17.7370272047,47,1,0
-80.0727336457,-99.7730882766,-19.7003546309,50,1,0
-79.390847506,-99.5976097905,-20.2067622845,49,1,0
-80.3316502199,-104.189725485,-23.8580752648,48,1,0
-80.8714501658,-99.4185129374,-18.5470627717,48,1,0
-78.5386308467,-101.179425528,-22.6407946813,48,1,0
-90.1486134974,-100.996557939,-10.8479444418,47,1,0
-89.4069114922,-99.9450917119,-10.5381802197,51,1,0
-82.0762830206,-98.1691255714,-16.0928425507,48,1,0
-79.4061577262,-99.4185129374,-20.0123552113,48,1,0
-85.1097797106,-99.7730882766,-14.663308566,50,1,0
-79.0046467316,-101.179425528,-22.1747787964,48,1,0
-87.7185511315,-99.5976097905,-11.879058659,49,1,0
-83.457606752,-101.179425528,-17.721818776,48,1,0
-82.9358649655,-100.996557939,-18.0606929737,47,1,0
-79.3453687888,-99.2356453486,-19.8902765599,47,1,0
-77.4556084259,-98.1691255714,-20.7135171455,48,1,0
-84.0766613764,-100.996557939,-16.9198965628,47,1,0
-74.142603655,-97.0171578525,-22.8745541974,47,1,0
-83.6850675778,-101.874667653,-18.1896000754,52,1,0
-81.2828655725,-101.706004302,-20.42313873,51,1,0
-80.9404620507,-99.0488448236,-18.1083827729,46,1,0
-75.4538004985,-97.7266042157,-22.2728037172,51,1,0
-78.7686337786,-97.8952675665,-19.1266337879,52,1,0
-80.2436004902,-98.8643676965,-18.6207672064,52,1,0
-79.1697564342,-100.113755063,-20.9439986284,52,1,0
-76.6829464984,-97.103455106,-20.4205086075,52,1,0
-76.6434124157,-97.8952675665,-21.2518551508,52,1,0
-78.230267295,-98.8643676965,-20.6341004016,52,1,0
-78.4603312381,-100.113755063,-21.6534238245,52,1,0
-77.9502377084,-98.8643676965,-20.9141299881,52,1,0
-79.1097165307,-100.113755063,-21.0040385319,52,1,0
-77.9655707519,-98.8643676965,-20.8987969446,52,1,0
-79.6318382904,-98.8643676965,-19.2325294061,52,1,0
-76.0875800129,-97.103455106,-21.0158750931,52,1,0
-77.0994806196,-97.103455106,-20.0039744864,52,1,0
-79.4376939556,-97.8952675665,-18.4575736108,52,1,0
-87.0480536768,-98.8643676965,-11.8163140197,52,1,0
-74.2286324879,-95.3425425154,-21.1139100275,52,1,0
-83.0879202355,-101.874667653,-18.7867474176,52,1,0
-86.9839876472,-100.809757414,-13.8257697669,46,1,0
-85.6897209242,-103.629151013,-17.9394300884,45,1,0
-86.8607361528,-100.113755063,-13.2530189099,52,1,0
-87.3928110408,-103.433954267,-16.041143226,44,1,0
-91.0059702422,-101.874667653,-10.868697411,52,1,0
-88.9816486053,-103.433954267,-14.4523056615,44,1,0
-87.2496061691,-103.117625788,-15.8680196191,60,1,0
-87.3970532168,-103.433954267,-16.0369010501,44,1,0
-86.8800082109,-103.433954267,-16.5539460559,44,1,0
-86.9042968761,-101.874667653,-14.9703707771,52,1,0
-83.4038137921,-101.874667653,-18.4708538611,52,1,0
-83.1180918954,-98.8643676965,-15.7462758012,52,1,0
-82.2529439601,-100.113755063,-17.8608111025,52,1,0
-85.3960300593,-101.874667653,-16.4786375939,52,1,0
-89.8223066904,-97.103455106,-7.28114841555,52,1,0
-78.5053068941,-98.8643676965,-20.3590608024,52,1,0
-80.8622617983,-101.874667653,-21.0124058549,52,1,0
-89.6254157435,-100.113755063,-10.4883393192,52,1,0
-91.7213177159,-101.874667653,-10.1533499373,52,1,0
-90.7038741128,-100.113755063,-9.40988094987,52,1,0
-85.9575781255,-103.029886545,-17.0723084196,42,1,0
-81.8518708259,-103.629151013,-21.7772801868,45,1,0
-80.1980935154,-101.179425528,-20.9813320126,48,1,0
-78.4939470273,-99.5976097905,-21.1036627632,49,1,0
-78.2540155251,-99.5976097905,-21.3435942653,49,1,0
-77.0636891138,-97.8952675665,-20.8315784526,52,1,0
-77.5434835408,-98.8643676965,-21.3208841558,52,1,0
-79.8143610354,-101.534000867,-21.7196398318,50,1,0
-78.3874814413,-98.1691255714,-19.7816441301,48,1,0
-78.3849949364,-99.2356453486,-20.8506504122,47,1,0
-81.8726714203,-100.996557939,-19.1238865189,47,1,0
-87.8344731683,-100.996557939,-13.1620847709,47,1,0
-87.3883742867,-100.809757414,-13.4213831275,46,1,0
-84.06689333,-100.996557939,-16.9296646092,47,1,0
-88.1962657657,-104.006857896,-15.8105921301,47,1,0
-91.4821120406,-100.113755063,-8.631643022,52,1,0
-86.6683790205,-101.179425528,-14.5110465075,48,1,0
-81.7959091013,-100.996557939,-19.2006488379,47,1,0
-84.8827017931,-100.996557939,-16.1138561461,47,1,0
-86.1334449504,-104.006857896,-17.8734129454,47,1,0
-85.4863534539,-101.358522381,-15.8721689272,49,1,0
-88.3880131944,-103.629151013,-15.2411378182,45,1,0
-89.4983588706,-103.433954267,-13.9355953962,44,1,0
-85.8685579198,-104.006857896,-18.138299976,47,1,0
-86.9241542578,-99.2356453486,-12.3114910909,47,1,0
-84.1941546622,-99.7730882766,-15.5789336145,50,1,0
-84.2422182352,-100.618851056,-16.3766328208,45,1,0
-80.8592334373,-100.809757414,-19.9505239769,46,1,0
-76.6875988888,-99.2356453486,-22.5480464599,47,1,0
-89.8350250675,-101.358522381,-11.5234973135,49,1,0
-84.2494474864,-101.179425528,-16.9299780416,48,1,0
-91.3057474264,-100.996557939,-9.69081051279,47,1,0
-86.2307090511,-101.358522381,-15.1278133299,49,1,0
-88.4969259932,-101.358522381,-12.8615963879,49,1,0
-75.0550065179,-98.3482224244,-23.2932159065,49,1,0
-78.2827099584,-101.179425528,-22.8967155696,48,1,0
-85.2865309289,-98.1691255714,-12.8825946424,48,1,0
-86.4107641922,-101.534000867,-15.123236675,50,1,0
-85.9583725423,-100.996557939,-15.0381853969,47,1,0
-84.2870986425,-101.534000867,-17.2469022247,50,1,0
-85.1640296206,-96.225345392,-11.0613157714,47,1,0
-87.6059521212,-104.368822338,-16.7628702165,49,1,0
-90.4146057596,-98.1691255714,-7.75451981176,48,1,0
-85.1482648999,-99.2356453486,-14.0873804488,47,1,0
-80.4900692343,-101.179425528,-20.6893562937,48,1,0
-90.2725184614,-100.996557939,-10.7240394778,47,1,0
-82.4082186311,-99.4185129374,-17.0102943063,48,1,0
-84.305731708,-103.433954267,-19.1282225589,44,1,0
-80.2441217563,-104.368822338,-24.1247005814,49,1,0
-86.4278787506,-100.113755063,-13.685876312,52,1,0
-75.3722621962,-97.8952675665,-22.5230053703,52,1,0
-91.8428203016,-98.8643676965,-7.02154739498,52,1,0
-73.6940681531,-97.103455106,-23.4093869529,52,1,0
-86.8641064099,-100.618851056,-13.7547446461,45,1,0
-85.5610601728,-100.279205582,-14.7181454092,53,1,0
-85.8967198864,-103.433954267,-17.5372343804,44,1,0
-87.0959080038,-104.189725485,-17.0938174808,48,1,0
-89.9823064682,-103.234269849,-13.2519633805,43,1,0
-87.2608173573,-101.874667653,-14.6138502959,52,1,0
-87.377286394,-104.368822338,-16.9915359437,49,1,0
-88.9361814583,-98.8643676965,-9.92818623821,52,1,0
-87.0455532162,-104.544300824,-17.4987476077,50,1,0
-82.9062311951,-100.113755063,-17.2075238676,52,1,0
-89.2686742027,-96.8303573274,-7.56168312468,46,1,0
-79.8356956165,-98.8579384654,-19.0222428489,45,1,0
-91.636038648,-99.2356453486,-7.59960670065,47,1,0
-80.4329852953,-101.358522381,-20.9255370858,49,1,0
-77.1552485874,-99.2356453486,-22.0803967612,47,1,0
-93.0463068046,-100.996557939,-7.95025113461,47,1,0
-78.5373475776,-100.618851056,-22.0815034784,45,1,0
-78.6288395113,-101.358522381,-22.7296828698,49,1,0
-93.7981976238,-100.809757414,-7.01155979029,46,1,0
-93.1603891215,-103.433954267,-10.2735651453,44,1,0
-88.3423930907,-104.368822338,-16.026429247,49,1,0
-82.0173272706,-103.820057371,-21.8027301002,46,1,0
-93.1634979483,-104.189725485,-11.0262275364,48,1,0
-83.1552836519,-103.629151013,-20.4738673608,45,1,0
-82.7446887667,-104.006857896,-21.2621691292,47,1,0
-82.7805906409,-104.189725485,-21.4091348438,48,1,0
-80.4842578378,-101.358522381,-20.8742645433,49,1,0
-93.3988308545,-104.006857896,-10.6080270413,47,1,0
-81.7922419155,-104.006857896,-22.2146159803,47,1,0
-80.6792594135,-103.629151013,-22.9498915992,45,1,0
-81.9354071684,-103.629151013,-21.6937438443,45,1,0
-83.9619782714,-101.179425528,-17.2174472566,48,1,0
-84.2399607433,-100.809757414,-16.5697966708,46,1,0
-90.177788028,-101.179425528,-11.0016375,48,1,0
-78.0997982544,-99.0298182159,-20.9300199615,53,1,0
-87.5242958192,-103.820057371,-16.2957615516,46,1,0
-82.3542530558,-99.5976097905,-17.2433567347,49,1,0
-89.8855147538,-100.996557939,-11.1110431854,47,1,0
-92.8330429438,-101.534000867,-8.70095792338,50,1,0
